Harry,Tue Sep 29 17:12:55 2026 +1000,edit,
Harry,Mon Sep 28 19:24:39 2026 +1000,assignment 2 page,
Harry,Tue Aug 18 12:29:25 2026 +1000,fixed links,
Harry,Wed Aug 12 15:53:57 2026 +1000,done,
Harry,Wed Aug 12 15:51:42 2026 +1000,fixed the middle,
Harry,Wed Aug 12 15:46:47 2026 +1000,hArry's system design document,meow

Harry,Wed Aug 12 15:45:46 2026 +1000,i think i finished assignment 1?,
Harry,Wed Aug 12 13:59:17 2026 +1000,interaction design analysis,added paragraphs for this section

Harry,Wed Aug 12 13:08:01 2026 +1000,project framing,i wrote the project framing paragraph

Harry,Tue Aug 11 10:36:07 2026 +1000,added headings and paragraphs,
Harry,Thu Aug 6 11:43:13 2026 +1000,fixed layout,reinstated my margin and padding, and fixed the section wisth to contain the imagies

Harry,Thu Jul 30 10:58:47 2026 +1000,added basic structure to a1,i added some elements to the structure

Harry,Thu Jul 30 10:45:46 2026 +1000,init assignment 1,created the html page for the assignment an dllinked back to our main page

Harry,Thu Jul 23 12:11:06 2026 +1000,work index intialisation,we changed out the details for our own.
we also linked in our own github

Patrick McMahon,Thu Jul 16 11:20:02 2026 +1000,fixed assignment links,removed id refs so we can add pages

Patrick McMahon,Thu Jul 16 10:45:35 2026 +1000,change favicon and remove unnecessary sections,
hase,Fri Jun 5 13:00:32 2026 +1000,moved to flex in flex,grid wasn't quite cutting it so i moved to a nested flex situation for the main section. now hopefully should all work as intended

hase,Fri Jun 5 12:03:25 2026 +1000,more responsiveq,fixed grid issues of overflow. added a max width to text

hase,Fri Jun 5 11:10:13 2026 +1000,responsiveness,added in grid template for the four areas to shift based on screen width

hase,Fri Jun 5 09:14:59 2026 +1000,init,set up and linked basic files
